{"Camera":{"At":[[0.0,2.0,0.0]],"Eye":[[7.1207051277160645,5.752042293548584,0.42831504344940186]],"FarDepth":[1000.0],"Name":["BasicCamera"],"NearDepth":[0.10000000149011612],"Up":[[-0.5625231266021729,0.8265098333358765,-0.021198635920882225]]},"GIVolume":{"AnchorPosition":[[7.1207051277160645,5.752042293548584,0.42831504344940186]],"AtlasSize":[1],"BrightnessThreshold":[2.0],"DistancePower":[50.0],"DistanceTexelsPerProbe":[14],"Hysteresis":[0.9700000286102295],"IrradianceFormat":[1],"IrradianceGammaEncoding":[5.0],"IrradianceTexelsPerProbe":[6],"IrradianceThreshold":[0.20000000298023224],"MaxRayDistance":[10000.0],"MissRadiance":[[0.0,0.0,0.0]],"NormalBias":[0.019999999552965164],"Position":[[0.0,1.0,0.0]],"ProbeCounts":[[22,22,22]],"ProbeOffsets":[[0,0,0]],"ProbeRelocation":[false],"ProbeScale":[0.05000000074505806],"ProbeSpacing":[[1.0199999809265137,0.5,0.44999998807907104]],"ProbeTracking":[false],"RaysPerProbe":[288],"ShowProbes":[false],"ViewBias":[0.10000000149011612]},"GameObjects":{"ContributeGI":[true],"Mesh":["Cornell"],"Name":["Cornell"],"Position":[[0.0,0.0,0.0]],"Render":[true],"Rotation":[[0.0,0.0,0.0,1.0]],"Scale":[[1.0,1.0,1.0]]},"Lights":{"Attenuation":[[0.20000000298023224,0.09000000357627869,0.0],[0.0,0.0,0.0]],"Color":[[1.0,1.0,1.0],[1.0,1.0,1.0]],"Direction":[[0.0,0.0,0.0],[0.0,-1.0,0.30000001192092896]],"Enabled":[0,1],"Position":[[0.0,1.899999976158142,0.0],[0.0,0.0,0.0]],"Power":[1.0,1.4500000476837158],"Range":[1000.0,0.0],"Type":[1,0]},"Meshes":{"Filepath":["Models/Sponza/gLTF/Sponza.gltf","Models/Sphere/gLTF/Sphere.gltf"],"Name":["Cornell","Sphere"]}}